{
  "version": "Notebook/1.0",
  "items": [
    {
      "type": 11,
      "content": {
        "version": "LinkItem/1.0",
        "style": "tabs",
        "links": [
          {
            "id": "56967321-ea25-4cd8-9862-ac614cf0ac8a",
            "cellValue": "SelectedTab",
            "linkTarget": "parameter",
            "linkLabel": "BIOS update resume",
            "subTarget": "Resume",
            "style": "link"
          },
          {
            "id": "e027bf66-05e7-4a9e-bfc0-88989b1a5a6b",
            "cellValue": "SelectedTab",
            "linkTarget": "parameter",
            "linkLabel": "BIOS update details",
            "subTarget": "Details",
            "style": "link"
          }
        ]
      },
      "name": "links - 8"
    },
    {
      "type": 9,
      "content": {
        "version": "KqlParameterItem/1.0",
        "parameters": [
          {
            "id": "99eaafef-e375-448e-93ea-d7feee2c601c",
            "version": "KqlParameterItem/1.0",
            "name": "ComputerModel",
            "label": "Filter on device model",
            "type": 2,
            "multiSelect": true,
            "quote": "'",
            "delimiter": ",",
            "query": "ExpertsLive1_CL\r\n| where ScriptStatus_s == \"Success\"\r\n| where DeviceModel_s <> \"\"\r\n| distinct DeviceModel_s",
            "typeSettings": {
              "additionalResourceOptions": [
                "value::all"
              ],
              "showDefault": false
            },
            "timeContext": {
              "durationMs": 2592000000
            },
            "defaultValue": "value::all",
            "queryType": 0,
            "resourceType": "microsoft.operationalinsights/workspaces"
          }
        ],
        "style": "pills",
        "queryType": 0,
        "resourceType": "microsoft.operationalinsights/workspaces"
      },
      "conditionalVisibility": {
        "parameterName": "SelectedTab",
        "comparison": "isEqualTo",
        "value": "Resume"
      },
      "name": "parameters - 8"
    },
    {
      "type": 9,
      "content": {
        "version": "KqlParameterItem/1.0",
        "parameters": [
          {
            "id": "6dd7fad0-5ed4-4ab8-b00b-53ac6bc5e300",
            "version": "KqlParameterItem/1.0",
            "name": "ComputerModel",
            "label": "Filter on model",
            "type": 2,
            "multiSelect": true,
            "quote": "'",
            "delimiter": ",",
            "query": "ExpertsLive1_CL\r\n| where ScriptStatus_s == \"Success\"\r\n| where DeviceModel_s <> \"\"\r\n| distinct DeviceModel_s",
            "typeSettings": {
              "additionalResourceOptions": [
                "value::all"
              ],
              "showDefault": false
            },
            "timeContext": {
              "durationMs": 2592000000
            },
            "defaultValue": "value::all",
            "queryType": 0,
            "resourceType": "microsoft.operationalinsights/workspaces"
          },
          {
            "id": "8fc1ff44-fbfa-43d6-b4c0-aa5d7f09ae1c",
            "version": "KqlParameterItem/1.0",
            "name": "ComputerName",
            "label": "Type a device name",
            "type": 1,
            "timeContext": {
              "durationMs": 86400000
            }
          }
        ],
        "style": "pills",
        "queryType": 0,
        "resourceType": "microsoft.operationalinsights/workspaces"
      },
      "conditionalVisibility": {
        "parameterName": "SelectedTab",
        "comparison": "isEqualTo",
        "value": "Details"
      },
      "name": "parameters - 9"
    },
    {
      "type": 3,
      "content": {
        "version": "KqlItem/1.0",
        "query": "ExpertsLive1_CL\r\n| where ScriptStatus_s == \"Success\"\r\n| summarize arg_max(TimeGenerated,*) by ComputerName_s\r\n| summarize ExpertsLive1_CL = count() by BIOSStatus_s, DeviceModel_s\r\n| where DeviceModel_s has_any ({ComputerModel})\r\n",
        "size": 4,
        "title": "BIOS update status",
        "timeContext": {
          "durationMs": 2592000000
        },
        "queryType": 0,
        "resourceType": "microsoft.operationalinsights/workspaces",
        "visualization": "piechart"
      },
      "conditionalVisibility": {
        "parameterName": "SelectedTab",
        "comparison": "isEqualTo",
        "value": "Resume"
      },
      "name": "query - 1",
      "styleSettings": {
        "showBorder": true
      }
    },
    {
      "type": 3,
      "content": {
        "version": "KqlItem/1.0",
        "query": "ExpertsLive1_CL\r\n| where ScriptStatus_s == \"Success\"\r\n| where BIOSStatus_s == \"notuptodate\"\r\n| summarize arg_max(TimeGenerated,*) by ComputerName_s\r\n| summarize ExpertsLive1_CL = count() by DeviceModel_s\r\n| where DeviceModel_s has_any ({ComputerModel})\r\n\r\n",
        "size": 4,
        "title": "Devices with BIOS not uptodate (per model)",
        "timeContext": {
          "durationMs": 2592000000
        },
        "queryType": 0,
        "resourceType": "microsoft.operationalinsights/workspaces",
        "visualization": "tiles",
        "tileSettings": {
          "showBorder": false,
          "titleContent": {
            "columnMatch": "DeviceModel_s",
            "formatter": 1
          },
          "leftContent": {
            "columnMatch": "ExpertsLive1_CL",
            "formatter": 12,
            "formatOptions": {
              "palette": "auto"
            },
            "numberFormat": {
              "unit": 17,
              "options": {
                "maximumSignificantDigits": 3,
                "maximumFractionDigits": 2
              }
            }
          }
        }
      },
      "conditionalVisibility": {
        "parameterName": "SelectedTab",
        "comparison": "isEqualTo",
        "value": "Resume"
      },
      "name": "query - 2",
      "styleSettings": {
        "showBorder": true
      }
    },
    {
      "type": 3,
      "content": {
        "version": "KqlItem/1.0",
        "query": "ExpertsLive1_CL\r\n| where ScriptStatus_s == \"Success\"\r\n| where BIOSStatus_s == \"notuptodate\"\r\n| where DateDiffDelay_s <> \"\"\r\n| where DateDiffDelay_s <> \"730\"\r\n| where DateDiffDelay_s <> \"1_365\"\r\n| summarize arg_max(TimeGenerated,*) by ComputerName_s\r\n| summarize ExpertsLive1_CL = count() by DateDiffDelay_s, DeviceModel_s\r\n| where DeviceModel_s has_any ({ComputerModel})\r\n\r\n",
        "size": 4,
        "title": "Devices with BIOS not updated since",
        "timeContext": {
          "durationMs": 2592000000
        },
        "queryType": 0,
        "resourceType": "microsoft.operationalinsights/workspaces",
        "visualization": "piechart"
      },
      "conditionalVisibility": {
        "parameterName": "SelectedTab",
        "comparison": "isEqualTo",
        "value": "Resume"
      },
      "name": "query - 3",
      "styleSettings": {
        "showBorder": true
      }
    },
    {
      "type": 3,
      "content": {
        "version": "KqlItem/1.0",
        "query": "ExpertsLive1_CL\r\n| where ScriptStatus_s == \"Success\"\r\n| summarize arg_max(TimeGenerated,*) by ComputerName_s\r\n| project ['BIOS state ?']=BIOSStatus_s, Computer=ComputerName_s, User=UserName_s, Model=DeviceModel_s, ['Not updated since (in days']=NotUpdatedSince_s,['Current BIOS version']=CurrentVersionBIOS_s,['New BIOS version']=NewVersionBIOS_s\r\n| where Model has_any ({ComputerModel})\r\n| where \"{ComputerName:escape}\" == \"*\" or Computer contains \"{ComputerName:escape}\" or \"{ComputerName:escape}\" == \"All devices\"\r\n\r\n",
        "size": 4,
        "title": "BIOS update details (uptodate and not uptodate)",
        "timeContext": {
          "durationMs": 2592000000
        },
        "queryType": 0,
        "resourceType": "microsoft.operationalinsights/workspaces",
        "gridSettings": {
          "filter": true
        }
      },
      "conditionalVisibility": {
        "parameterName": "SelectedTab",
        "comparison": "isEqualTo",
        "value": "Details"
      },
      "name": "query - 4",
      "styleSettings": {
        "showBorder": true
      }
    },
    {
      "type": 3,
      "content": {
        "version": "KqlItem/1.0",
        "query": "ExpertsLive1_CL\r\n| where ScriptStatus_s == \"Success\"\r\n| where BIOSStatus_s == \"notuptodate\"\r\n| summarize arg_max(TimeGenerated,*) by ComputerName_s\r\n| project Computer=ComputerName_s,User=UserName_s, Model=DeviceModel_s, ['Not updated since (in days']=NotUpdatedSince_s,\r\n['Current BIOS version']=CurrentVersionBIOS_s,['New BIOS version']=NewVersionBIOS_s\r\n| where Model has_any ({ComputerModel})\r\n| where \"{ComputerName:escape}\" == \"*\" or Computer contains \"{ComputerName:escape}\" or \"{ComputerName:escape}\" == \"All devices\"\r\n\r\n",
        "size": 4,
        "title": "Devices with BIOS not uptodate",
        "timeContext": {
          "durationMs": 2592000000
        },
        "queryType": 0,
        "resourceType": "microsoft.operationalinsights/workspaces",
        "gridSettings": {
          "filter": true
        }
      },
      "conditionalVisibility": {
        "parameterName": "SelectedTab",
        "comparison": "isEqualTo",
        "value": "Details"
      },
      "name": "query - 5",
      "styleSettings": {
        "showBorder": true
      }
    },
    {
      "type": 3,
      "content": {
        "version": "KqlItem/1.0",
        "query": "ExpertsLive1_CL | top 10 by NotUpdatedSince_s desc nulls last\r\n| summarize arg_max(TimeGenerated,*) by ComputerName_s\r\n| where ScriptStatus_s == \"Success\"\r\n| where BIOSStatus_s == \"notuptodate\"\r\n| summarize arg_max(TimeGenerated,*) by ComputerName_s\r\n| project ['Last contact']=TimeGenerated, ['Not updated since (in days']=NotUpdatedSince_s, Computer=ComputerName_s,User=UserName_s, Model=DeviceModel_s,\r\n['Current BIOS version']=CurrentVersionBIOS_s,['New BIOS version']=NewVersionBIOS_s\r\n| where Model has_any ({ComputerModel})\r\n| where \"{ComputerName:escape}\" == \"*\" or Computer contains \"{ComputerName:escape}\" or \"{ComputerName:escape}\" == \"All devices\"\r\n\r\n\r\n",
        "size": 4,
        "title": "Top 10 devices with old BIOS",
        "timeContext": {
          "durationMs": 2592000000
        },
        "queryType": 0,
        "resourceType": "microsoft.operationalinsights/workspaces",
        "gridSettings": {
          "filter": true
        }
      },
      "conditionalVisibility": {
        "parameterName": "SelectedTab",
        "comparison": "isEqualTo",
        "value": "Details"
      },
      "name": "query - 6",
      "styleSettings": {
        "showBorder": true
      }
    },
    {
      "type": 3,
      "content": {
        "version": "KqlItem/1.0",
        "query": "ExpertsLive1_CL\r\n| where ScriptStatus_s == \"Success\"\r\n| where BIOSStatus_s == \"notuptodate\"\r\n| where DateDiffDelay_s == \"730_More\"\r\n| summarize arg_max(TimeGenerated,*) by ComputerName_s\r\n| project ['BIOS uptodate ?']=BIOSStatus_s, Computer=ComputerName_s,User=UserName_s, Model=DeviceModel_s, ['Not updated since (in days']=NotUpdatedSince_s,['Current BIOS version']=CurrentVersionBIOS_s,['New BIOS version']=NewVersionBIOS_s\r\n| where Model has_any ({ComputerModel})\r\n| where \"{ComputerName:escape}\" == \"*\" or Computer contains \"{ComputerName:escape}\" or \"{ComputerName:escape}\" == \"All devices\"\r\n\r\n",
        "size": 4,
        "title": "Devices with BIOS > 2 years",
        "timeContext": {
          "durationMs": 2592000000
        },
        "queryType": 0,
        "resourceType": "microsoft.operationalinsights/workspaces",
        "gridSettings": {
          "filter": true
        }
      },
      "conditionalVisibility": {
        "parameterName": "SelectedTab",
        "comparison": "isEqualTo",
        "value": "Details"
      },
      "name": "query - 7",
      "styleSettings": {
        "showBorder": true
      }
    }
  ],
  "fallbackResourceIds": [
    "/subscriptions/d9371c20-288c-4782-98ec-8309ea582cef/resourceGroups/Metsys-GRP/providers/Microsoft.OperationalInsights/workspaces/Metsys-Workspace"
  ],
  "$schema": "https://github.com/Microsoft/Application-Insights-Workbooks/blob/master/schema/workbook.json"
}